month,monthly_pct
2020-01,1.35
2020-02,0.35
2020-03,0.57
2020-04,0.85
2020-05,1.36
2020-06,1.13
2020-07,0.58
2020-08,0.86
2020-09,0.97
2020-10,2.13
2020-11,2.30
2020-12,1.25
2021-01,1.68
2021-02,0.91
2021-03,1.08
2021-04,1.68
2021-05,0.89
2021-06,1.94
2021-07,1.80
2021-08,1.12
2021-09,1.25
2021-10,2.39
2021-11,3.51
2021-12,13.58
2022-01,11.10
2022-02,4.81
2022-03,5.46
2022-04,7.25
2022-05,2.98
2022-06,4.95
2022-07,2.37
2022-08,1.46
2022-09,3.08
2022-10,3.54
2022-11,2.88
2022-12,1.18
2023-01,6.65
2023-02,3.15
2023-03,2.29
2023-04,2.39
2023-05,0.04
2023-06,3.92
2023-07,9.49
2023-08,9.09
2023-09,4.75
2023-10,3.43
2023-11,3.28
2023-12,2.93
2024-01,6.70
2024-02,4.53
2024-03,3.16
2024-04,3.18
2024-05,3.37
2024-06,1.64
2024-07,3.23
2024-08,2.47
2024-09,2.97
2024-10,2.88
2024-11,2.24
2024-12,1.03
2025-01,5.03
2025-02,2.27
2025-03,2.46
2025-04,3.00
2025-05,1.53
2025-06,1.37
2025-07,2.06
2025-08,2.04
2025-09,3.23
2025-10,2.55
2025-11,0.87
2025-12,0.89
2026-01,4.84
2026-02,2.96
2026-03,1.94
2026-04,4.18
2026-05,1.71
2026-06,0.99
2026-07,1.78
2026-08,1.84
